,Maye Drake Good,Mmm... Food,Washable Markers,McPicklePounders,Laser Llamas,Adebayo FC,Make Draye,LJSSNC,Bad Piggies,Rumble Bees
0,Ja'Marr Chase,Justin Jefferson,Jahmyr Gibbs,Puka Nacua,Christian McCaffrey,Amon-Ra St. Brown,Bijan Robinson,Jaxon Smith-Njigba,Jonathan Taylor,CeeDee Lamb
1,Kenneth Walker III,Saquon Barkley,Nico Collins,De'Von Achane,Brock Bowers,Omarion Hampton,Ashton Jeanty,Chase Brown,George Pickens,James Cook
2,Trey McBride,Tyler Warren,Chris Olave,Rashee Rice,Malik Nabers,DeVonta Smith,Kyren Williams,Jeremiyah Love,Derrick Henry,Zay Flowers
3,Drake London,Josh Allen,Breece Hall,Javonte Williams,Tee Higgins,Colston Loveland,Ladd McConkey,A.J. Brown,Tetairoa McMillan,Garrett Wilson
4,Travis Etienne,Kyle Pitts,Emeka Egbuka,Lamar Jackson,D'Andre Swift,Cam Skattebo,Drake Maye,Harold Fannin Jr.,Sam LaPorta,Joe Burrow
5,Justin Herbert,Jaylen Waddle,Quinshon Judkins,Davante Adams,Rome Odunze,Bucky Irving,Luther Burden III,Jayden Daniels,Jalen Hurts,Tucker Kraft
6,Bhayshul Tuten,HOU,Patrick Mahomes,Dallas Goedert,Carnell Tate,Jared Goff,George Kittle,Terry McLaurin,David Montgomery,Jadarian Price
7,Christian Watson,Rhamondre Stevenson,Jaylen Warren,Brandon Aubrey,Caleb Williams,Isaiah Likely,Parker Washington,Jonathon Brooks,Jameson Williams,TreVeyon Henderson
8,Tony Pollard,Rico Dowdle,DJ Moore,Josh Jacobs,J.K. Dobbins,Stefon Diggs,Chuba Hubbard,SEA,Jason Myers,Brock Purdy
9,Cameron Dicker,Kaelon Black,Dalton Kincaid,LA,DEN,Matthew Stafford,Jordan Mason,Michael Pittman,MarShawn Lloyd,DK Metcalf
10,PIT,Jayden Reed,Jacory Croskey-Merritt,T.J. Hockenson,Kyle Monangai,Cam Little,KC Concepcion,Ka'imi Fairbairn,BAL,PHI
11,Marvin Harrison Jr.,Tyler Loop,Mike Evans,Courtland Sutton,Jonah Coleman,Alec Pierce,Makai Lemon,Pat Freiermuth,Mark Andrews,Eddy Pineiro
12,Jake Ferguson,Jordan Addison,Trevor Lawrence,Kyler Murray,Jake Bates,Aaron Jones,Bo Nix,Rachaad White,Brian Robinson,RJ Harvey
13,Jaxson Dart,Dak Prescott,Evan McPherson,Tyler Allgeier,Brenton Strange,Josh Downs,CHI,De'Zhaun Stribling,Jordan Love,Travis Kelce
14,Eli Heidenreich,Xavier Worthy,MIN,Dylan Sampson,Daniel Jones,DET,Dominic Zvada,Tyjae Spears,Kenny Gainwell,Quentin Johnston
